,result.children
0,"[{u'zpid': 244843394}, {u'links': {u'children': [{u'homedetails': u'https://www.zillow.com/homedetails/60-E-96th-St-APT-3A-New-York-NY-10128/244843394_zpid/'}, {u'graphsanddata': u'http://www.zillow.com/homedetails/60-E-96th-St-APT-3A-New-York-NY-10128/244843394_zpid/#charts-and-data'}, {u'mapthishome': u'http://www.zillow.com/homes/244843394_zpid/'}, {u'comparables': u'http://www.zillow.com/homes/comps/244843394_zpid/'}]}}, {u'address': {u'children': [{u'street': u'60 E 96th St APT 3A'}, {u'zipcode': 10128}, {u'city': u'New York'}, {u'state': u'NY'}, {u'latitude': 40.786921}, {u'longitude': -73.953805}]}}, {u'FIPScounty': 36061}, {u'useCode': u'Cooperative'}, {u'taxAssessmentYear': 2017}, {u'taxAssessment': 20209000.0}, {u'yearBuilt': 1929}, {u'bathrooms': 3.0}, {u'bedrooms': 3}, {u'zestimate': {u'children': [{u'amount': {u'attributes': {u'currency': u'USD'}, u'children': [2337983]}}, {u'last-updated': u'07/09/2018'}, {u'oneWeekChange': {u'attributes': {u'deprecated': True}}}, {u'valueChange': {u'attributes': {u'duration': 30, u'currency': u'USD'}, u'children': [-1444500]}}, {u'valuationRange': {u'children': [{u'low': {u'attributes': {u'currency': u'USD'}, u'children': [1940526]}}, {u'high': {u'attributes': {u'currency': u'USD'}, u'children': [4675966]}}]}}, {u'percentile': 0}]}}, {u'localRealEstate': {u'region': {u'attributes': {u'type': u'neighborhood', u'name': u'Carnegie Hill', u'id': 270810}, u'children': [{u'links': {u'children': [{u'overview': u'http://www.zillow.com/local-info/NY-New-York/Carnegie-Hill/r_270810/'}, {u'forSaleByOwner': u'http://www.zillow.com/carnegie-hill-manhattan-new-york-ny/fsbo/'}, {u'forSale': u'http://www.zillow.com/carnegie-hill-manhattan-new-york-ny/'}]}}]}}}]"
1,"[{u'zpid': 2095394608}, {u'links': {u'children': [{u'homedetails': u'https://www.zillow.com/homedetails/26-E-93rd-St-6D-New-York-NY-10128/2095394608_zpid/'}, {u'mapthishome': u'http://www.zillow.com/homes/2095394608_zpid/'}, {u'comparables': u'http://www.zillow.com/homes/comps/2095394608_zpid/'}]}}, {u'address': {u'children': [{u'street': u'26 E 93rd St # 6D'}, {u'zipcode': 10128}, {u'city': u'New York'}, {u'state': u'NY'}, {u'latitude': 40.785516}, {u'longitude': -73.956442}]}}, {u'FIPScounty': {}}, {u'useCode': u'MultiFamily2To4'}, {u'bathrooms': 1.0}, {u'bedrooms': 1}, {u'zestimate': {u'children': [{u'amount': {u'attributes': {u'currency': u'USD'}, u'children': [687477]}}, {u'last-updated': u'07/09/2018'}, {u'oneWeekChange': {u'attributes': {u'deprecated': True}}}, {u'valueChange': {}}, {u'valuationRange': {u'children': [{u'low': {u'attributes': {u'currency': u'USD'}, u'children': [556856]}}, {u'high': {u'attributes': {u'currency': u'USD'}, u'children': [804348]}}]}}, {u'percentile': 0}]}}, {u'localRealEstate': {u'region': {u'attributes': {u'type': u'neighborhood', u'name': u'Carnegie Hill', u'id': 270810}, u'children': [{u'links': {u'children': [{u'overview': u'http://www.zillow.com/local-info/NY-New-York/Carnegie-Hill/r_270810/'}, {u'forSaleByOwner': u'http://www.zillow.com/carnegie-hill-manhattan-new-york-ny/fsbo/'}, {u'forSale': u'http://www.zillow.com/carnegie-hill-manhattan-new-york-ny/'}]}}]}}}]"
2,"[{u'zpid': 31542187}, {u'links': {u'children': [{u'homedetails': u'https://www.zillow.com/homedetails/120-E--th-St-APT-5B-New-York-NY-10128/31542187_zpid/'}, {u'graphsanddata': u'http://www.zillow.com/homedetails/120-E--th-St-APT-5B-New-York-NY-10128/31542187_zpid/#charts-and-data'}, {u'mapthishome': u'http://www.zillow.com/homes/31542187_zpid/'}, {u'comparables': u'http://www.zillow.com/homes/comps/31542187_zpid/'}]}}, {u'address': {u'children': [{u'street': u'120 E 90th St APT 5B'}, {u'zipcode': 10128}, {u'city': u'NEW YORK'}, {u'state': u'NY'}, {u'latitude': 40.782005}, {u'longitude': -73.95413}]}}, {u'FIPScounty': 36061}, {u'useCode': u'MultiFamily2To4'}, {u'taxAssessmentYear': 2017}, {u'taxAssessment': 145897.0}, {u'bathrooms': 1.0}, {u'bedrooms': 1}, {u'zestimate': {u'children': [{u'amount': {u'attributes': {u'currency': u'USD'}, u'children': [731593]}}, {u'last-updated': u'07/09/2018'}, {u'oneWeekChange': {u'attributes': {u'deprecated': True}}}, {u'valueChange': {u'attributes': {u'duration': 30, u'currency': u'USD'}, u'children': [-32873]}}, {u'valuationRange': {u'children': [{u'low': {u'attributes': {u'currency': u'USD'}, u'children': [695013]}}, {u'high': {u'attributes': {u'currency': u'USD'}, u'children': [768173]}}]}}, {u'percentile': 0}]}}, {u'localRealEstate': {u'region': {u'attributes': {u'type': u'neighborhood', u'name': u'Carnegie Hill', u'id': 270810}, u'children': [{u'links': {u'children': [{u'overview': u'http://www.zillow.com/local-info/NY-New-York/Carnegie-Hill/r_270810/'}, {u'forSaleByOwner': u'http://www.zillow.com/carnegie-hill-manhattan-new-york-ny/fsbo/'}, {u'forSale': u'http://www.zillow.com/carnegie-hill-manhattan-new-york-ny/'}]}}]}}}]"
3,"[{u'zpid': 2088750825}, {u'links': {u'children': [{u'homedetails': u'https://www.zillow.com/homedetails/118-E-93rd-St-APT-2B-New-York-NY-10128/2088750825_zpid/'}, {u'mapthishome': u'http://www.zillow.com/homes/2088750825_zpid/'}, {u'comparables': u'http://www.zillow.com/homes/comps/2088750825_zpid/'}]}}, {u'address': {u'children': [{u'street': u'118 E 93rd St APT 2B'}, {u'zipcode': 10128}, {u'city': u'New York'}, {u'state': u'NY'}, {u'latitude': 40.784091}, {u'longitude': -73.953296}]}}, {u'FIPScounty': {}}, {u'useCode': u'MultiFamily2To4'}, {u'bathrooms': 1.0}, {u'bedrooms': 2}, {u'zestimate': {u'children': [{u'amount': {u'attributes': {u'currency': u'USD'}, u'children': [858935]}}, {u'last-updated': u'07/09/2018'}, {u'oneWeekChange': {u'attributes': {u'deprecated': True}}}, {u'valueChange': {}}, {u'valuationRange': {u'children': [{u'low': {u'attributes': {u'currency': u'USD'}, u'children': [781631]}}, {u'high': {u'attributes': {u'currency': u'USD'}, u'children': [1004954]}}]}}, {u'percentile': 0}]}}, {u'localRealEstate': {u'region': {u'attributes': {u'type': u'neighborhood', u'name': u'Carnegie Hill', u'id': 270810}, u'children': [{u'links': {u'children': [{u'overview': u'http://www.zillow.com/local-info/NY-New-York/Carnegie-Hill/r_270810/'}, {u'forSaleByOwner': u'http://www.zillow.com/carnegie-hill-manhattan-new-york-ny/fsbo/'}, {u'forSale': u'http://www.zillow.com/carnegie-hill-manhattan-new-york-ny/'}]}}]}}}]"
4,"[{u'zpid': 2133482917}, {u'links': {u'children': [{u'homedetails': u'https://www.zillow.com/homedetails/120-E-89th-St-APT-4B-New-York-NY-10128/2133482917_zpid/'}, {u'mapthishome': u'http://www.zillow.com/homes/2133482917_zpid/'}, {u'comparables': u'http://www.zillow.com/homes/comps/2133482917_zpid/'}]}}, {u'address': {u'children': [{u'street': u'120 E 89th St APT 4B'}, {u'zipcode': 10128}, {u'city': u'New York'}, {u'state': u'NY'}, {u'latitude': 40.781649}, {u'longitude': -73.95507}]}}, {u'FIPScounty': {}}, {u'useCode': u'MultiFamily2To4'}, {u'finishedSqFt': 1000}, {u'bathrooms': 1.0}, {u'bedrooms': 2}, {u'zestimate': {u'children': [{u'amount': {u'attributes': {u'currency': u'USD'}, u'children': [969525]}}, {u'last-updated': u'07/09/2018'}, {u'oneWeekChange': {u'attributes': {u'deprecated': True}}}, {u'valueChange': {u'attributes': {u'duration': 30, u'currency': u'USD'}, u'children': [53513]}}, {u'valuationRange': {u'children': [{u'low': {u'attributes': {u'currency': u'USD'}, u'children': [882268]}}, {u'high': {u'attributes': {u'currency': u'USD'}, u'children': [1105259]}}]}}, {u'percentile': 0}]}}, {u'localRealEstate': {u'region': {u'attributes': {u'type': u'neighborhood', u'name': u'Carnegie Hill', u'id': 270810}, u'children': [{u'links': {u'children': [{u'overview': u'http://www.zillow.com/local-info/NY-New-York/Carnegie-Hill/r_270810/'}, {u'forSaleByOwner': u'http://www.zillow.com/carnegie-hill-manhattan-new-york-ny/fsbo/'}, {u'forSale': u'http://www.zillow.com/carnegie-hill-manhattan-new-york-ny/'}]}}]}}}]"
5,"[{u'zpid': 82384054}, {u'links': {u'children': [{u'homedetails': u'https://www.zillow.com/homedetails/1060-Park-Ave-APT-11E-New-York-NY-10128/82384054_zpid/'}, {u'graphsanddata': u'http://www.zillow.com/homedetails/1060-Park-Ave-APT-11E-New-York-NY-10128/82384054_zpid/#charts-and-data'}, {u'mapthishome': u'http://www.zillow.com/homes/82384054_zpid/'}, {u'comparables': u'http://www.zillow.com/homes/comps/82384054_zpid/'}]}}, {u'address': {u'children': [{u'street': u'1060 Park Ave APT 11E'}, {u'zipcode': 10128}, {u'city': u'New York'}, {u'state': u'NY'}, {u'latitude': 40.781208}, {u'longitude': -73.956961}]}}, {u'FIPScounty': 36061}, {u'useCode': u'Cooperative'}, {u'taxAssessmentYear': 2010}, {u'yearBuilt': 1924}, {u'bathrooms': 1.0}, {u'bedrooms': 1}, {u'lastSoldDate': u'12/17/2015'}, {u'lastSoldPrice': {u'attributes': {u'currency': u'USD'}, u'children': [1295000]}}, {u'zestimate': {u'children': [{u'amount': {u'attributes': {u'currency': u'USD'}}}, {u'last-updated': u'01/01/1970'}, {u'oneWeekChange': {u'attributes': {u'deprecated': True}}}, {u'valueChange': {}}, {u'valuationRange': {u'children': [{u'low': {u'attributes': {u'currency': u'USD'}}}, {u'high': {u'attributes': {u'currency': u'USD'}}}]}}, {u'percentile': 0}]}}, {u'localRealEstate': {u'region': {u'attributes': {u'type': u'neighborhood', u'name': u'Carnegie Hill', u'id': 270810}, u'children': [{u'links': {u'children': [{u'overview': u'http://www.zillow.com/local-info/NY-New-York/Carnegie-Hill/r_270810/'}, {u'forSaleByOwner': u'http://www.zillow.com/carnegie-hill-manhattan-new-york-ny/fsbo/'}, {u'forSale': u'http://www.zillow.com/carnegie-hill-manhattan-new-york-ny/'}]}}]}}}]"
6,"[{u'zpid': 2126657939}, {u'links': {u'children': [{u'homedetails': u'https://www.zillow.com/homedetails/12-E-88th-St-APT-9D-New-York-NY-10128/2126657939_zpid/'}, {u'mapthishome': u'http://www.zillow.com/homes/2126657939_zpid/'}, {u'comparables': u'http://www.zillow.com/homes/comps/2126657939_zpid/'}]}}, {u'address': {u'children': [{u'street': u'12 E 88th St APT 9D'}, {u'zipcode': 10128}, {u'city': u'New York'}, {u'state': u'NY'}, {u'latitude': 40.782199}, {u'longitude': -73.958702}]}}, {u'FIPScounty': {}}, {u'useCode': u'Condominium'}, {u'yearBuilt': 1931}, {u'finishedSqFt': 1449}, {u'bathrooms': 2.0}, {u'bedrooms': 2}, {u'totalRooms': 3}, {u'zestimate': {u'children': [{u'amount': {u'attributes': {u'currency': u'USD'}, u'children': [2297256]}}, {u'last-updated': u'07/09/2018'}, {u'oneWeekChange': {u'attributes': {u'deprecated': True}}}, {u'valueChange': {u'attributes': {u'duration': 30, u'currency': u'USD'}, u'children': [-280691]}}, {u'valuationRange': {u'children': [{u'low': {u'attributes': {u'currency': u'USD'}, u'children': [1768887]}}, {u'high': {u'attributes': {u'currency': u'USD'}, u'children': [3376966]}}]}}, {u'percentile': 0}]}}, {u'localRealEstate': {u'region': {u'attributes': {u'type': u'neighborhood', u'name': u'Carnegie Hill', u'id': 270810}, u'children': [{u'links': {u'children': [{u'overview': u'http://www.zillow.com/local-info/NY-New-York/Carnegie-Hill/r_270810/'}, {u'forSaleByOwner': u'http://www.zillow.com/carnegie-hill-manhattan-new-york-ny/fsbo/'}, {u'forSale': u'http://www.zillow.com/carnegie-hill-manhattan-new-york-ny/'}]}}]}}}]"
7,"[{u'zpid': 2089132598}, {u'links': {u'children': [{u'homedetails': u'https://www.zillow.com/homedetails/118-E-93rd-St-APT-2D-New-York-NY-10128/2089132598_zpid/'}, {u'mapthishome': u'http://www.zillow.com/homes/2089132598_zpid/'}, {u'comparables': u'http://www.zillow.com/homes/comps/2089132598_zpid/'}]}}, {u'address': {u'children': [{u'street': u'118 E 93rd St APT 2D'}, {u'zipcode': 10128}, {u'city': u'New York'}, {u'state': u'NY'}, {u'latitude': 40.784091}, {u'longitude': -73.953296}]}}, {u'FIPScounty': {}}, {u'useCode': u'MultiFamily2To4'}, {u'bathrooms': 2.0}, {u'bedrooms': 2}, {u'zestimate': {u'children': [{u'amount': {u'attributes': {u'currency': u'USD'}, u'children': [1565686]}}, {u'last-updated': u'07/09/2018'}, {u'oneWeekChange': {u'attributes': {u'deprecated': True}}}, {u'valueChange': {}}, {u'valuationRange': {u'children': [{u'low': {u'attributes': {u'currency': u'USD'}, u'children': [1346490]}}, {u'high': {u'attributes': {u'currency': u'USD'}, u'children': [1706598]}}]}}, {u'percentile': 0}]}}, {u'localRealEstate': {u'region': {u'attributes': {u'type': u'neighborhood', u'name': u'Carnegie Hill', u'id': 270810}, u'children': [{u'links': {u'children': [{u'overview': u'http://www.zillow.com/local-info/NY-New-York/Carnegie-Hill/r_270810/'}, {u'forSaleByOwner': u'http://www.zillow.com/carnegie-hill-manhattan-new-york-ny/fsbo/'}, {u'forSale': u'http://www.zillow.com/carnegie-hill-manhattan-new-york-ny/'}]}}]}}}]"
8,"[{u'zpid': 2123721548}, {u'links': {u'children': [{u'homedetails': u'https://www.zillow.com/homedetails/12-E-88th-St-APT-6A-New-York-NY-10128/2123721548_zpid/'}, {u'mapthishome': u'http://www.zillow.com/homes/2123721548_zpid/'}, {u'comparables': u'http://www.zillow.com/homes/comps/2123721548_zpid/'}]}}, {u'address': {u'children': [{u'street': u'12 E 88th St APT 6A'}, {u'zipcode': 10128}, {u'city': u'New York'}, {u'state': u'NY'}, {u'latitude': 40.782199}, {u'longitude': -73.958702}]}}, {u'FIPScounty': {}}, {u'useCode': u'Condominium'}, {u'yearBuilt': 1931}, {u'finishedSqFt': 3905}, {u'bathrooms': 5.0}, {u'bedrooms': 5}, {u'zestimate': {u'children': [{u'amount': {u'attributes': {u'currency': u'USD'}, u'children': [12114881]}}, {u'last-updated': u'07/09/2018'}, {u'oneWeekChange': {u'attributes': {u'deprecated': True}}}, {u'valueChange': {u'attributes': {u'duration': 30, u'currency': u'USD'}, u'children': [512349]}}, {u'valuationRange': {u'children': [{u'low': {u'attributes': {u'currency': u'USD'}, u'children': [7753524]}}, {u'high': {u'attributes': {u'currency': u'USD'}, u'children': [17566578]}}]}}, {u'percentile': 0}]}}, {u'localRealEstate': {u'region': {u'attributes': {u'type': u'neighborhood', u'name': u'Carnegie Hill', u'id': 270810}, u'children': [{u'links': {u'children': [{u'overview': u'http://www.zillow.com/local-info/NY-New-York/Carnegie-Hill/r_270810/'}, {u'forSaleByOwner': u'http://www.zillow.com/carnegie-hill-manhattan-new-york-ny/fsbo/'}, {u'forSale': u'http://www.zillow.com/carnegie-hill-manhattan-new-york-ny/'}]}}]}}}]"
9,"[{u'zpid': 2099826718}, {u'links': {u'children': [{u'homedetails': u'https://www.zillow.com/homedetails/12-E-88th-St-APT-7A-New-York-NY-10128/2099826718_zpid/'}, {u'mapthishome': u'http://www.zillow.com/homes/2099826718_zpid/'}, {u'comparables': u'http://www.zillow.com/homes/comps/2099826718_zpid/'}]}}, {u'address': {u'children': [{u'street': u'12 E 88th St APT 7A'}, {u'zipcode': 10128}, {u'city': u'New York'}, {u'state': u'NY'}, {u'latitude': 40.782199}, {u'longitude': -73.958702}]}}, {u'FIPScounty': {}}, {u'useCode': u'Condominium'}, {u'yearBuilt': 1931}, {u'finishedSqFt': 2980}, {u'bathrooms': 5.0}, {u'bedrooms': 4}, {u'zestimate': {u'children': [{u'amount': {u'attributes': {u'currency': u'USD'}, u'children': [7973466]}}, {u'last-updated': u'07/09/2018'}, {u'oneWeekChange': {u'attributes': {u'deprecated': True}}}, {u'valueChange': {u'attributes': {u'duration': 30, u'currency': u'USD'}, u'children': [-46599]}}, {u'valuationRange': {u'children': [{u'low': {u'attributes': {u'currency': u'USD'}, u'children': [6697711]}}, {u'high': {u'attributes': {u'currency': u'USD'}, u'children': [9807363]}}]}}, {u'percentile': 0}]}}, {u'localRealEstate': {u'region': {u'attributes': {u'type': u'neighborhood', u'name': u'Carnegie Hill', u'id': 270810}, u'children': [{u'links': {u'children': [{u'overview': u'http://www.zillow.com/local-info/NY-New-York/Carnegie-Hill/r_270810/'}, {u'forSaleByOwner': u'http://www.zillow.com/carnegie-hill-manhattan-new-york-ny/fsbo/'}, {u'forSale': u'http://www.zillow.com/carnegie-hill-manhattan-new-york-ny/'}]}}]}}}]"
10,"[{u'zpid': 2089883585}, {u'links': {u'children': [{u'homedetails': u'https://www.zillow.com/homedetails/118-E-93rd-St-APT-4B-New-York-NY-10128/2089883585_zpid/'}, {u'mapthishome': u'http://www.zillow.com/homes/2089883585_zpid/'}, {u'comparables': u'http://www.zillow.com/homes/comps/2089883585_zpid/'}]}}, {u'address': {u'children': [{u'street': u'118 E 93rd St APT 4B'}, {u'zipcode': 10128}, {u'city': u'New York'}, {u'state': u'NY'}, {u'latitude': 40.784091}, {u'longitude': -73.953296}]}}, {u'FIPScounty': {}}, {u'useCode': u'MultiFamily2To4'}, {u'bathrooms': 2.0}, {u'bedrooms': 2}, {u'zestimate': {u'children': [{u'amount': {u'attributes': {u'currency': u'USD'}, u'children': [1564010]}}, {u'last-updated': u'07/09/2018'}, {u'oneWeekChange': {u'attributes': {u'deprecated': True}}}, {u'valueChange': {u'attributes': {u'duration': 30, u'currency': u'USD'}, u'children': [31508]}}, {u'valuationRange': {u'children': [{u'low': {u'attributes': {u'currency': u'USD'}, u'children': [1345049]}}, {u'high': {u'attributes': {u'currency': u'USD'}, u'children': [1704771]}}]}}, {u'percentile': 0}]}}, {u'localRealEstate': {u'region': {u'attributes': {u'type': u'neighborhood', u'name': u'Carnegie Hill', u'id': 270810}, u'children': [{u'links': {u'children': [{u'overview': u'http://www.zillow.com/local-info/NY-New-York/Carnegie-Hill/r_270810/'}, {u'forSaleByOwner': u'http://www.zillow.com/carnegie-hill-manhattan-new-york-ny/fsbo/'}, {u'forSale': u'http://www.zillow.com/carnegie-hill-manhattan-new-york-ny/'}]}}]}}}]"
11,"[{u'zpid': 111035631}, {u'links': {u'children': [{u'homedetails': u'https://www.zillow.com/homedetails/1065-Park-Ave-8B-New-York-NY-10128/111035631_zpid/'}, {u'graphsanddata': u'http://www.zillow.com/homedetails/1065-Park-Ave-8B-New-York-NY-10128/111035631_zpid/#charts-and-data'}, {u'mapthishome': u'http://www.zillow.com/homes/111035631_zpid/'}, {u'comparables': u'http://www.zillow.com/homes/comps/111035631_zpid/'}]}}, {u'address': {u'children': [{u'street': u'1065 Park Ave # 8B'}, {u'zipcode': 10128}, {u'city': u'New York'}, {u'state': u'NY'}, {u'latitude': 40.78087}, {u'longitude': -73.956252}]}}, {u'FIPScounty': 36061}, {u'useCode': u'Cooperative'}, {u'taxAssessmentYear': 2010}, {u'yearBuilt': 1973}, {u'finishedSqFt': 1025}, {u'bathrooms': 2.0}, {u'bedrooms': 1}, {u'lastSoldDate': u'05/30/2014'}, {u'lastSoldPrice': {u'attributes': {u'currency': u'USD'}, u'children': [1200000]}}, {u'zestimate': {u'children': [{u'amount': {u'attributes': {u'currency': u'USD'}}}, {u'last-updated': u'01/01/1970'}, {u'oneWeekChange': {u'attributes': {u'deprecated': True}}}, {u'valueChange': {}}, {u'valuationRange': {u'children': [{u'low': {u'attributes': {u'currency': u'USD'}}}, {u'high': {u'attributes': {u'currency': u'USD'}}}]}}, {u'percentile': 0}]}}, {u'localRealEstate': {u'region': {u'attributes': {u'type': u'neighborhood', u'name': u'Carnegie Hill', u'id': 270810}, u'children': [{u'links': {u'children': [{u'overview': u'http://www.zillow.com/local-info/NY-New-York/Carnegie-Hill/r_270810/'}, {u'forSaleByOwner': u'http://www.zillow.com/carnegie-hill-manhattan-new-york-ny/fsbo/'}, {u'forSale': u'http://www.zillow.com/carnegie-hill-manhattan-new-york-ny/'}]}}]}}}]"
12,"[{u'zpid': 2129886973}, {u'links': {u'children': [{u'homedetails': u'https://www.zillow.com/homedetails/50-E-96th-St-APT-3D-New-York-NY-10128/2129886973_zpid/'}, {u'mapthishome': u'http://www.zillow.com/homes/2129886973_zpid/'}, {u'comparables': u'http://www.zillow.com/homes/comps/2129886973_zpid/'}]}}, {u'address': {u'children': [{u'street': u'50 E 96th St APT 3D'}, {u'zipcode': 10128}, {u'city': u'New York'}, {u'state': u'NY'}, {u'latitude': 40.787029}, {u'longitude': -73.954063}]}}, {u'FIPScounty': {}}, {u'useCode': u'MultiFamily2To4'}, {u'finishedSqFt': 2000}, {u'bathrooms': 2.0}, {u'bedrooms': 3}, {u'zestimate': {u'children': [{u'amount': {u'attributes': {u'currency': u'USD'}, u'children': [2217770]}}, {u'last-updated': u'07/09/2018'}, {u'oneWeekChange': {u'attributes': {u'deprecated': True}}}, {u'valueChange': {u'attributes': {u'duration': 30, u'currency': u'USD'}, u'children': [182383]}}, {u'valuationRange': {u'children': [{u'low': {u'attributes': {u'currency': u'USD'}, u'children': [1641150]}}, {u'high': {u'attributes': {u'currency': u'USD'}, u'children': [2838746]}}]}}, {u'percentile': 0}]}}, {u'localRealEstate': {u'region': {u'attributes': {u'type': u'neighborhood', u'name': u'Carnegie Hill', u'id': 270810}, u'children': [{u'links': {u'children': [{u'overview': u'http://www.zillow.com/local-info/NY-New-York/Carnegie-Hill/r_270810/'}, {u'forSaleByOwner': u'http://www.zillow.com/carnegie-hill-manhattan-new-york-ny/fsbo/'}, {u'forSale': u'http://www.zillow.com/carnegie-hill-manhattan-new-york-ny/'}]}}]}}}]"
13,"[{u'zpid': 31524904}, {u'links': {u'children': [{u'homedetails': u'https://www.zillow.com/homedetails/109-E-89th-St-APT-9-113-New-York-NY-10128/31524904_zpid/'}, {u'graphsanddata': u'http://www.zillow.com/homedetails/109-E-89th-St-APT-9-113-New-York-NY-10128/31524904_zpid/#charts-and-data'}, {u'mapthishome': u'http://www.zillow.com/homes/31524904_zpid/'}, {u'comparables': u'http://www.zillow.com/homes/comps/31524904_zpid/'}]}}, {u'address': {u'children': [{u'street': u'109 E 89th St APT 9-113'}, {u'zipcode': 10128}, {u'city': u'New York'}, {u'state': u'NY'}, {u'latitude': 40.782093}, {u'longitude': -73.95537}]}}, {u'FIPScounty': 36061}, {u'useCode': u'Condominium'}, {u'taxAssessmentYear': 2017}, {u'taxAssessment': 238270.0}, {u'yearBuilt': 1988}, {u'lotSizeSqFt': 9300}, {u'finishedSqFt': 835}, {u'lastSoldDate': u'07/03/2017'}, {u'lastSoldPrice': {u'attributes': {u'currency': u'USD'}, u'children': [910000]}}, {u'zestimate': {u'children': [{u'amount': {u'attributes': {u'currency': u'USD'}, u'children': [985457]}}, {u'last-updated': u'07/09/2018'}, {u'oneWeekChange': {u'attributes': {u'deprecated': True}}}, {u'valueChange': {u'attributes': {u'duration': 30, u'currency': u'USD'}, u'children': [81344]}}, {u'valuationRange': {u'children': [{u'low': {u'attributes': {u'currency': u'USD'}, u'children': [906620]}}, {u'high': {u'attributes': {u'currency': u'USD'}, u'children': [1034730]}}]}}, {u'percentile': 0}]}}, {u'localRealEstate': {u'region': {u'attributes': {u'type': u'neighborhood', u'name': u'Carnegie Hill', u'id': 270810}, u'children': [{u'links': {u'children': [{u'overview': u'http://www.zillow.com/local-info/NY-New-York/Carnegie-Hill/r_270810/'}, {u'forSaleByOwner': u'http://www.zillow.com/carnegie-hill-manhattan-new-york-ny/fsbo/'}, {u'forSale': u'http://www.zillow.com/carnegie-hill-manhattan-new-york-ny/'}]}}]}}}]"
14,"[{u'zpid': 31540648}, {u'links': {u'children': [{u'homedetails': u'https://www.zillow.com/homedetails/62-E-87th-St-New-York-NY-10128/31540648_zpid/'}, {u'graphsanddata': u'http://www.zillow.com/homedetails/62-E-87th-St-New-York-NY-10128/31540648_zpid/#charts-and-data'}, {u'mapthishome': u'http://www.zillow.com/homes/31540648_zpid/'}, {u'comparables': u'http://www.zillow.com/homes/comps/31540648_zpid/'}]}}, {u'address': {u'children': [{u'street': u'62 E 87th St'}, {u'zipcode': 10128}, {u'city': u'NEW YORK'}, {u'state': u'NY'}, {u'latitude': 40.780953}, {u'longitude': -73.957526}]}}, {u'FIPScounty': 36061}, {u'useCode': u'Cooperative'}, {u'taxAssessmentYear': 2017}, {u'taxAssessment': 2753000.0}, {u'yearBuilt': 1923}, {u'lotSizeSqFt': 2567}, {u'finishedSqFt': 10220}, {u'bathrooms': 1.0}, {u'zestimate': {u'children': [{u'amount': {u'attributes': {u'currency': u'USD'}, u'children': [752428]}}, {u'last-updated': u'07/09/2018'}, {u'oneWeekChange': {u'attributes': {u'deprecated': True}}}, {u'valueChange': {u'attributes': {u'duration': 30, u'currency': u'USD'}, u'children': [-46403]}}, {u'valuationRange': {u'children': [{u'low': {u'attributes': {u'currency': u'USD'}, u'children': [647088]}}, {u'high': {u'attributes': {u'currency': u'USD'}, u'children': [835195]}}]}}, {u'percentile': 0}]}}, {u'localRealEstate': {u'region': {u'attributes': {u'type': u'neighborhood', u'name': u'Carnegie Hill', u'id': 270810}, u'children': [{u'links': {u'children': [{u'overview': u'http://www.zillow.com/local-info/NY-New-York/Carnegie-Hill/r_270810/'}, {u'forSaleByOwner': u'http://www.zillow.com/carnegie-hill-manhattan-new-york-ny/fsbo/'}, {u'forSale': u'http://www.zillow.com/carnegie-hill-manhattan-new-york-ny/'}]}}]}}}]"
15,"[{u'zpid': 31540649}, {u'links': {u'children': [{u'homedetails': u'https://www.zillow.com/homedetails/56-E-87th-St-60-New-York-NY-10128/31540649_zpid/'}, {u'graphsanddata': u'http://www.zillow.com/homedetails/56-E-87th-St-60-New-York-NY-10128/31540649_zpid/#charts-and-data'}, {u'mapthishome': u'http://www.zillow.com/homes/31540649_zpid/'}, {u'comparables': u'http://www.zillow.com/homes/comps/31540649_zpid/'}]}}, {u'address': {u'children': [{u'street': u'56 E 87th St # 60'}, {u'zipcode': 10128}, {u'city': u'New York'}, {u'state': u'NY'}, {u'latitude': 40.781022}, {u'longitude': -73.957689}]}}, {u'FIPScounty': 36061}, {u'useCode': u'Cooperative'}, {u'taxAssessmentYear': 2017}, {u'taxAssessment': 7499000.0}, {u'yearBuilt': 1923}, {u'lotSizeSqFt': 7718}, {u'finishedSqFt': 33402}, {u'zestimate': {u'children': [{u'amount': {u'attributes': {u'currency': u'USD'}, u'children': [978729]}}, {u'last-updated': u'07/09/2018'}, {u'oneWeekChange': {u'attributes': {u'deprecated': True}}}, {u'valueChange': {u'attributes': {u'duration': 30, u'currency': u'USD'}, u'children': [103361]}}, {u'valuationRange': {u'children': [{u'low': {u'attributes': {u'currency': u'USD'}, u'children': [782983]}}, {u'high': {u'attributes': {u'currency': u'USD'}, u'children': [1468094]}}]}}, {u'percentile': 0}]}}, {u'localRealEstate': {u'region': {u'attributes': {u'type': u'neighborhood', u'name': u'Carnegie Hill', u'id': 270810}, u'children': [{u'links': {u'children': [{u'overview': u'http://www.zillow.com/local-info/NY-New-York/Carnegie-Hill/r_270810/'}, {u'forSaleByOwner': u'http://www.zillow.com/carnegie-hill-manhattan-new-york-ny/fsbo/'}, {u'forSale': u'http://www.zillow.com/carnegie-hill-manhattan-new-york-ny/'}]}}]}}}]"
16,"[{u'zpid': 31540650}, {u'links': {u'children': [{u'homedetails': u'https://www.zillow.com/homedetails/12-E-87th-St-14-New-York-NY-10128/31540650_zpid/'}, {u'graphsanddata': u'http://www.zillow.com/homedetails/12-E-87th-St-14-New-York-NY-10128/31540650_zpid/#charts-and-data'}, {u'mapthishome': u'http://www.zillow.com/homes/31540650_zpid/'}, {u'comparables': u'http://www.zillow.com/homes/comps/31540650_zpid/'}]}}, {u'address': {u'children': [{u'street': u'12 E 87th St # 14'}, {u'zipcode': 10128}, {u'city': u'New York'}, {u'state': u'NY'}, {u'latitude': 40.7816}, {u'longitude': -73.959062}]}}, {u'FIPScounty': 36061}, {u'useCode': u'Cooperative'}, {u'taxAssessmentYear': 2017}, {u'taxAssessment': 9194000.0}, {u'yearBuilt': 1920}, {u'lotSizeSqFt': 7740}, {u'finishedSqFt': 45000}, {u'bathrooms': 1.0}, {u'bedrooms': 1}, {u'zestimate': {u'children': [{u'amount': {u'attributes': {u'currency': u'USD'}, u'children': [886047]}}, {u'last-updated': u'07/09/2018'}, {u'oneWeekChange': {u'attributes': {u'deprecated': True}}}, {u'valueChange': {u'attributes': {u'duration': 30, u'currency': u'USD'}, u'children': [12150]}}, {u'valuationRange': {u'children': [{u'low': {u'attributes': {u'currency': u'USD'}, u'children': [806303]}}, {u'high': {u'attributes': {u'currency': u'USD'}, u'children': [1089838]}}]}}, {u'percentile': 0}]}}, {u'localRealEstate': {u'region': {u'attributes': {u'type': u'neighborhood', u'name': u'Carnegie Hill', u'id': 270810}, u'children': [{u'links': {u'children': [{u'overview': u'http://www.zillow.com/local-info/NY-New-York/Carnegie-Hill/r_270810/'}, {u'forSaleByOwner': u'http://www.zillow.com/carnegie-hill-manhattan-new-york-ny/fsbo/'}, {u'forSale': u'http://www.zillow.com/carnegie-hill-manhattan-new-york-ny/'}]}}]}}}]"
17,"[{u'zpid': 31540651}, {u'links': {u'children': [{u'homedetails': u'https://www.zillow.com/homedetails/10-E-87th-St-New-York-NY-10128/31540651_zpid/'}, {u'graphsanddata': u'http://www.zillow.com/homedetails/10-E-87th-St-New-York-NY-10128/31540651_zpid/#charts-and-data'}, {u'mapthishome': u'http://www.zillow.com/homes/31540651_zpid/'}, {u'comparables': u'http://www.zillow.com/homes/comps/31540651_zpid/'}]}}, {u'address': {u'children': [{u'street': u'10 E 87th St'}, {u'zipcode': 10128}, {u'city': u'NEW YORK'}, {u'state': u'NY'}, {u'latitude': 40.781669}, {u'longitude': -73.959227}]}}, {u'FIPScounty': 36061}, {u'useCode': u'Townhouse'}, {u'taxAssessmentYear': 2017}, {u'taxAssessment': 23906000.0}, {u'yearBuilt': 1959}, {u'lotSizeSqFt': 2550}, {u'finishedSqFt': 8000}, {u'lastSoldDate': u'10/04/2000'}, {u'lastSoldPrice': {u'attributes': {u'currency': u'USD'}, u'children': [8865000]}}, {u'zestimate': {u'children': [{u'amount': {u'attributes': {u'currency': u'USD'}, u'children': [19129834]}}, {u'last-updated': u'07/09/2018'}, {u'oneWeekChange': {u'attributes': {u'deprecated': True}}}, {u'valueChange': {u'attributes': {u'duration': 30, u'currency': u'USD'}, u'children': [1939770]}}, {u'valuationRange': {u'children': [{u'low': {u'attributes': {u'currency': u'USD'}, u'children': [16642956]}}, {u'high': {u'attributes': {u'currency': u'USD'}, u'children': [22573204]}}]}}, {u'percentile': 0}]}}, {u'localRealEstate': {u'region': {u'attributes': {u'type': u'neighborhood', u'name': u'Carnegie Hill', u'id': 270810}, u'children': [{u'links': {u'children': [{u'overview': u'http://www.zillow.com/local-info/NY-New-York/Carnegie-Hill/r_270810/'}, {u'forSaleByOwner': u'http://www.zillow.com/carnegie-hill-manhattan-new-york-ny/fsbo/'}, {u'forSale': u'http://www.zillow.com/carnegie-hill-manhattan-new-york-ny/'}]}}]}}}]"
18,"[{u'zpid': 31540699}, {u'links': {u'children': [{u'homedetails': u'https://www.zillow.com/homedetails/1060-5th-Ave-1064-New-York-NY-10128/31540699_zpid/'}, {u'graphsanddata': u'http://www.zillow.com/homedetails/1060-5th-Ave-1064-New-York-NY-10128/31540699_zpid/#charts-and-data'}, {u'mapthishome': u'http://www.zillow.com/homes/31540699_zpid/'}, {u'comparables': u'http://www.zillow.com/homes/comps/31540699_zpid/'}]}}, {u'address': {u'children': [{u'street': u'1060 5th Ave # 1064'}, {u'zipcode': 10128}, {u'city': u'New York'}, {u'state': u'NY'}, {u'latitude': 40.782191}, {u'longitude': -73.959289}]}}, {u'FIPScounty': 36061}, {u'useCode': u'MultiFamily2To4'}, {u'taxAssessmentYear': 2017}, {u'taxAssessment': 58068000.0}, {u'yearBuilt': 1928}, {u'lotSizeSqFt': 22500}, {u'finishedSqFt': 218907}, {u'bathrooms': 4.0}, {u'bedrooms': 4}, {u'lastSoldDate': u'06/13/2016'}, {u'lastSoldPrice': {u'attributes': {u'currency': u'USD'}, u'children': [720000]}}, {u'zestimate': {u'children': [{u'amount': {u'attributes': {u'currency': u'USD'}, u'children': [9041419]}}, {u'last-updated': u'07/09/2018'}, {u'oneWeekChange': {u'attributes': {u'deprecated': True}}}, {u'valueChange': {u'attributes': {u'duration': 30, u'currency': u'USD'}, u'children': [-781016]}}, {u'valuationRange': {u'children': [{u'low': {u'attributes': {u'currency': u'USD'}, u'children': [8408520]}}, {u'high': {u'attributes': {u'currency': u'USD'}, u'children': [9674318]}}]}}, {u'percentile': 0}]}}, {u'localRealEstate': {u'region': {u'attributes': {u'type': u'neighborhood', u'name': u'Carnegie Hill', u'id': 270810}, u'children': [{u'links': {u'children': [{u'overview': u'http://www.zillow.com/local-info/NY-New-York/Carnegie-Hill/r_270810/'}, {u'forSaleByOwner': u'http://www.zillow.com/carnegie-hill-manhattan-new-york-ny/fsbo/'}, {u'forSale': u'http://www.zillow.com/carnegie-hill-manhattan-new-york-ny/'}]}}]}}}]"
19,"[{u'zpid': 31540700}, {u'links': {u'children': [{u'homedetails': u'https://www.zillow.com/homedetails/11-E-87th-St-17-New-York-NY-10128/31540700_zpid/'}, {u'graphsanddata': u'http://www.zillow.com/homedetails/11-E-87th-St-17-New-York-NY-10128/31540700_zpid/#charts-and-data'}, {u'mapthishome': u'http://www.zillow.com/homes/31540700_zpid/'}, {u'comparables': u'http://www.zillow.com/homes/comps/31540700_zpid/'}]}}, {u'address': {u'children': [{u'street': u'11 E 87th St # 17'}, {u'zipcode': 10128}, {u'city': u'New York'}, {u'state': u'NY'}, {u'latitude': 40.78197}, {u'longitude': -73.958765}]}}, {u'FIPScounty': 36061}, {u'useCode': u'Cooperative'}, {u'taxAssessmentYear': 2017}, {u'taxAssessment': 15865000.0}, {u'yearBuilt': 1954}, {u'lotSizeSqFt': 10066}, {u'finishedSqFt': 78700}, {u'zestimate': {u'children': [{u'amount': {u'attributes': {u'currency': u'USD'}, u'children': [1199558]}}, {u'last-updated': u'07/09/2018'}, {u'oneWeekChange': {u'attributes': {u'deprecated': True}}}, {u'valueChange': {u'attributes': {u'duration': 30, u'currency': u'USD'}, u'children': [-40586]}}, {u'valuationRange': {u'children': [{u'low': {u'attributes': {u'currency': u'USD'}, u'children': [803704]}}, {u'high': {u'attributes': {u'currency': u'USD'}, u'children': [1919293]}}]}}, {u'percentile': 0}]}}, {u'localRealEstate': {u'region': {u'attributes': {u'type': u'neighborhood', u'name': u'Carnegie Hill', u'id': 270810}, u'children': [{u'links': {u'children': [{u'overview': u'http://www.zillow.com/local-info/NY-New-York/Carnegie-Hill/r_270810/'}, {u'forSaleByOwner': u'http://www.zillow.com/carnegie-hill-manhattan-new-york-ny/fsbo/'}, {u'forSale': u'http://www.zillow.com/carnegie-hill-manhattan-new-york-ny/'}]}}]}}}]"
20,"[{u'zpid': 31540701}, {u'links': {u'children': [{u'homedetails': u'https://www.zillow.com/homedetails/11--Madison-Ave-1200-New-York-NY-10128/31540701_zpid/'}, {u'graphsanddata': u'http://www.zillow.com/homedetails/11--Madison-Ave-1200-New-York-NY-10128/31540701_zpid/#charts-and-data'}, {u'mapthishome': u'http://www.zillow.com/homes/31540701_zpid/'}, {u'comparables': u'http://www.zillow.com/homes/comps/31540701_zpid/'}]}}, {u'address': {u'children': [{u'street': u'1190 Madison Ave # 1200'}, {u'zipcode': 10128}, {u'city': u'New York'}, {u'state': u'NY'}, {u'latitude': 40.781962}, {u'longitude': -73.958364}]}}, {u'FIPScounty': 36061}, {u'useCode': u'Condominium'}, {u'taxAssessmentYear': 2017}, {u'taxAssessment': 54165000.0}, {u'yearBuilt': 1927}, {u'lotSizeSqFt': 19134}, {u'finishedSqFt': 204195}, {u'bathrooms': 2.0}, {u'bedrooms': 3}, {u'zestimate': {u'children': [{u'amount': {u'attributes': {u'currency': u'USD'}, u'children': [13178837]}}, {u'last-updated': u'07/09/2018'}, {u'oneWeekChange': {u'attributes': {u'deprecated': True}}}, {u'valueChange': {u'attributes': {u'duration': 30, u'currency': u'USD'}, u'children': [-1963362]}}, {u'valuationRange': {u'children': [{u'low': {u'attributes': {u'currency': u'USD'}, u'children': [8302667]}}, {u'high': {u'attributes': {u'currency': u'USD'}, u'children': [18713949]}}]}}, {u'percentile': 0}]}}, {u'localRealEstate': {u'region': {u'attributes': {u'type': u'neighborhood', u'name': u'Carnegie Hill', u'id': 270810}, u'children': [{u'links': {u'children': [{u'overview': u'http://www.zillow.com/local-info/NY-New-York/Carnegie-Hill/r_270810/'}, {u'forSaleByOwner': u'http://www.zillow.com/carnegie-hill-manhattan-new-york-ny/fsbo/'}, {u'forSale': u'http://www.zillow.com/carnegie-hill-manhattan-new-york-ny/'}]}}]}}}]"
21,"[{u'zpid': 31540702}, {u'links': {u'children': [{u'homedetails': u'https://www.zillow.com/homedetails/1211-Madison-Ave-1215-New-York-NY-10128/31540702_zpid/'}, {u'graphsanddata': u'http://www.zillow.com/homedetails/1211-Madison-Ave-1215-New-York-NY-10128/31540702_zpid/#charts-and-data'}, {u'mapthishome': u'http://www.zillow.com/homes/31540702_zpid/'}, {u'comparables': u'http://www.zillow.com/homes/comps/31540702_zpid/'}]}}, {u'address': {u'children': [{u'street': u'1211 Madison Ave # 1215'}, {u'zipcode': 10128}, {u'city': u'New York'}, {u'state': u'NY'}, {u'latitude': 40.781605}, {u'longitude': -73.957904}]}}, {u'FIPScounty': 36061}, {u'useCode': u'SingleFamily'}, {u'taxAssessmentYear': 2017}, {u'taxAssessment': 31127000.0}, {u'yearBuilt': 1948}, {u'lotSizeSqFt': 11300}, {u'finishedSqFt': 116190}, {u'bathrooms': 1.0}, {u'bedrooms': 1}, {u'zestimate': {u'children': [{u'amount': {u'attributes': {u'currency': u'USD'}, u'children': [1776752]}}, {u'last-updated': u'07/09/2018'}, {u'oneWeekChange': {u'attributes': {u'deprecated': True}}}, {u'valueChange': {u'attributes': {u'duration': 30, u'currency': u'USD'}, u'children': [-179895]}}, {u'valuationRange': {u'children': [{u'low': {u'attributes': {u'currency': u'USD'}, u'children': [1066051]}}, {u'high': {u'attributes': {u'currency': u'USD'}, u'children': [3553504]}}]}}, {u'percentile': 0}]}}, {u'localRealEstate': {u'region': {u'attributes': {u'type': u'neighborhood', u'name': u'Carnegie Hill', u'id': 270810}, u'children': [{u'links': {u'children': [{u'overview': u'http://www.zillow.com/local-info/NY-New-York/Carnegie-Hill/r_270810/'}, {u'forSaleByOwner': u'http://www.zillow.com/carnegie-hill-manhattan-new-york-ny/fsbo/'}, {u'forSale': u'http://www.zillow.com/carnegie-hill-manhattan-new-york-ny/'}]}}]}}}]"
22,"[{u'zpid': 31540703}, {u'links': {u'children': [{u'homedetails': u'https://www.zillow.com/homedetails/55-E-87th-St-SUITE-1A-New-York-NY-10128/31540703_zpid/'}, {u'graphsanddata': u'http://www.zillow.com/homedetails/55-E-87th-St-SUITE-1A-New-York-NY-10128/31540703_zpid/#charts-and-data'}, {u'mapthishome': u'http://www.zillow.com/homes/31540703_zpid/'}, {u'comparables': u'http://www.zillow.com/homes/comps/31540703_zpid/'}]}}, {u'address': {u'children': [{u'street': u'55 E 87th St SUITE 1A'}, {u'zipcode': 10128}, {u'city': u'New York'}, {u'state': u'NY'}, {u'latitude': 40.781409}, {u'longitude': -73.957438}]}}, {u'FIPScounty': 36061}, {u'useCode': u'Apartment'}, {u'taxAssessmentYear': 2017}, {u'taxAssessment': 29651000.0}, {u'yearBuilt': 1963}, {u'lotSizeSqFt': 17900}, {u'finishedSqFt': 156729}, {u'bathrooms': 2.0}, {u'bedrooms': 2}, {u'lastSoldDate': u'01/07/2016'}, {u'lastSoldPrice': {u'attributes': {u'currency': u'USD'}, u'children': [790000]}}, {u'zestimate': {u'children': [{u'amount': {u'attributes': {u'currency': u'USD'}}}, {u'last-updated': u'01/01/1970'}, {u'oneWeekChange': {u'attributes': {u'deprecated': True}}}, {u'valueChange': {}}, {u'valuationRange': {u'children': [{u'low': {u'attributes': {u'currency': u'USD'}}}, {u'high': {u'attributes': {u'currency': u'USD'}}}]}}, {u'percentile': 0}]}}, {u'localRealEstate': {u'region': {u'attributes': {u'type': u'neighborhood', u'name': u'Carnegie Hill', u'id': 270810}, u'children': [{u'links': {u'children': [{u'overview': u'http://www.zillow.com/local-info/NY-New-York/Carnegie-Hill/r_270810/'}, {u'forSaleByOwner': u'http://www.zillow.com/carnegie-hill-manhattan-new-york-ny/fsbo/'}, {u'forSale': u'http://www.zillow.com/carnegie-hill-manhattan-new-york-ny/'}]}}]}}}]"
23,"[{u'zpid': 31540704}, {u'links': {u'children': [{u'homedetails': u'https://www.zillow.com/homedetails/1060-Park-Ave-1068-New-York-NY-10128/31540704_zpid/'}, {u'graphsanddata': u'http://www.zillow.com/homedetails/1060-Park-Ave-1068-New-York-NY-10128/31540704_zpid/#charts-and-data'}, {u'mapthishome': u'http://www.zillow.com/homes/31540704_zpid/'}, {u'comparables': u'http://www.zillow.com/homes/comps/31540704_zpid/'}]}}, {u'address': {u'children': [{u'street': u'1060 Park Ave # 1068'}, {u'zipcode': 10128}, {u'city': u'New York'}, {u'state': u'NY'}, {u'latitude': 40.781208}, {u'longitude': -73.956961}]}}, {u'FIPScounty': 36061}, {u'useCode': u'Cooperative'}, {u'taxAssessmentYear': 2017}, {u'taxAssessment': 22471000.0}, {u'yearBuilt': 1924}, {u'lotSizeSqFt': 10908}, {u'finishedSqFt': 700}, {u'bathrooms': 1.0}, {u'bedrooms': 1}, {u'totalRooms': 4}, {u'lastSoldDate': u'04/28/2015'}, {u'lastSoldPrice': {u'attributes': {u'currency': u'USD'}, u'children': [1775000]}}, {u'zestimate': {u'children': [{u'amount': {u'attributes': {u'currency': u'USD'}, u'children': [775550]}}, {u'last-updated': u'07/09/2018'}, {u'oneWeekChange': {u'attributes': {u'deprecated': True}}}, {u'valueChange': {u'attributes': {u'duration': 30, u'currency': u'USD'}, u'children': [23694]}}, {u'valuationRange': {u'children': [{u'low': {u'attributes': {u'currency': u'USD'}, u'children': [736773]}}, {u'high': {u'attributes': {u'currency': u'USD'}, u'children': [822083]}}]}}, {u'percentile': 0}]}}, {u'localRealEstate': {u'region': {u'attributes': {u'type': u'neighborhood', u'name': u'Carnegie Hill', u'id': 270810}, u'children': [{u'links': {u'children': [{u'overview': u'http://www.zillow.com/local-info/NY-New-York/Carnegie-Hill/r_270810/'}, {u'forSaleByOwner': u'http://www.zillow.com/carnegie-hill-manhattan-new-york-ny/fsbo/'}, {u'forSale': u'http://www.zillow.com/carnegie-hill-manhattan-new-york-ny/'}]}}]}}}]"
24,"[{u'zpid': 31540705}, {u'links': {u'children': [{u'homedetails': u'https://www.zillow.com/homedetails/1070-Park-Ave-New-York-NY-10128/31540705_zpid/'}, {u'graphsanddata': u'http://www.zillow.com/homedetails/1070-Park-Ave-New-York-NY-10128/31540705_zpid/#charts-and-data'}, {u'mapthishome': u'http://www.zillow.com/homes/31540705_zpid/'}, {u'comparables': u'http://www.zillow.com/homes/comps/31540705_zpid/'}]}}, {u'address': {u'children': [{u'street': u'1070 Park Ave'}, {u'zipcode': 10128}, {u'city': u'NEW YORK'}, {u'state': u'NY'}, {u'latitude': 40.781479}, {u'longitude': -73.956841}]}}, {u'FIPScounty': 36061}, {u'useCode': u'Cooperative'}, {u'taxAssessmentYear': 2017}, {u'taxAssessment': 55934000.0}, {u'yearBuilt': 1928}, {u'lotSizeSqFt': 14700}, {u'finishedSqFt': 208788}, {u'zestimate': {u'children': [{u'amount': {u'attributes': {u'currency': u'USD'}, u'children': [2117791]}}, {u'last-updated': u'07/09/2018'}, {u'oneWeekChange': {u'attributes': {u'deprecated': True}}}, {u'valueChange': {u'attributes': {u'duration': 30, u'currency': u'USD'}, u'children': [-35519]}}, {u'valuationRange': {u'children': [{u'low': {u'attributes': {u'currency': u'USD'}, u'children': [2011901]}}, {u'high': {u'attributes': {u'currency': u'USD'}, u'children': [2329570]}}]}}, {u'percentile': 0}]}}, {u'localRealEstate': {u'region': {u'attributes': {u'type': u'neighborhood', u'name': u'Carnegie Hill', u'id': 270810}, u'children': [{u'links': {u'children': [{u'overview': u'http://www.zillow.com/local-info/NY-New-York/Carnegie-Hill/r_270810/'}, {u'forSaleByOwner': u'http://www.zillow.com/carnegie-hill-manhattan-new-york-ny/fsbo/'}, {u'forSale': u'http://www.zillow.com/carnegie-hill-manhattan-new-york-ny/'}]}}]}}}]"
